"t_rel","year","N_mean","N_sd","N_lo1","N_hi1","N_lo2","N_hi2","N_lo3","N_hi3","C_mean","B_mean"
1e-09,2009.000000001,15.6333333235485,4.44307975190425e-09,15.6333333191054,15.6333333279916,15.6333333146624,15.6333333324347,15.6333333102193,15.6333333368778,2.44401111316727,13.1893222103812
0.0350877203007519,2009.0350877203,15.297613409832,0.147745570532825,15.1498678392991,15.4453589803648,15.0021222687663,15.5931045508976,14.8543766982335,15.7408501214304,2.51524179061203,12.7823716192199
0.0701754396015038,2009.0701754396,14.9761859111352,0.280325287846778,14.6958606232884,15.2565111989819,14.4155353354416,15.5368364868287,14.1352100475948,15.8171617746755,2.584760658237,12.3914252528982
0.105263158902256,2009.1052631589,14.6685296809362,0.399282883180296,14.2692467977559,15.0678125641165,13.8699639145756,15.4670954472968,13.4706810313953,15.8663783304771,2.6526783923163,12.0158512886199
0.140350878203008,2009.1403508782,14.374054552316,0.506035583162945,13.868018969153,14.8800901354789,13.3619833859901,15.3861257186419,12.8559478028271,15.8921613018048,2.71910585483767,11.6549486974783
0.175438597503759,2009.1754385975,14.0921838501033,0.601820438520184,13.4903634115832,14.6940042886235,12.888542973063,15.2958247271437,12.2867225345428,15.8976451656639,2.78414815501719,11.3080356950862
0.210526316804511,2009.2105263168,13.8223698519447,0.687736510178168,13.1346333417665,14.5101063621228,12.4468968315883,15.197842872301,11.7591603214101,15.8855793824792,2.84790376288771,10.9744660890569
0.245614036105263,2009.24561403611,13.5640917932916,0.764765873550167,12.7993259197415,14.3288576668418,12.0345600461913,15.093623540392,11.2697941726411,15.8583894139421,2.9104648974182,10.6536268958734
0.280701755406015,2009.28070175541,13.3168541552071,0.833775302290441,12.4830788529167,14.1506294574976,11.6493035506263,14.984404759788,10.8155282483358,15.8181800620785,2.97191800487865,10.3449361503284
0.315789474706767,2009.31578947471,13.0801886700283,0.895532773138103,12.1846558968902,13.9757214431664,11.2891231237521,14.8712542163045,10.393590350614,15.7667869894426,3.03234331691252,10.0478453531158
0.350877194007519,2009.35087719401,12.8536512531279,0.950721178651636,11.9029300744763,13.8043724317796,10.9522088958246,14.7550936104312,10.001487717173,15.7058147890828,3.09181592754979,9.76183532557811
0.385964913308271,2009.38596491331,12.6368230679516,0.999948188676213,11.6368748792754,13.6367712566278,10.6369266905992,14.636719445304,9.63697850192297,15.6366676339803,3.15040564107119,9.48641742688046
0.421052632609023,2009.42105263261,12.4293079041279,1.04376009627958,11.3855478078483,13.4730680004074,10.3417877115687,14.516828096687,9.2980276152891,15.5605881929666,3.20817785862175,9.22113004550611
0.456140351909774,2009.45614035191,12.2307314440975,1.08264513528978,11.1480863088077,13.3133765793873,10.0654411735179,14.3960217146771,8.98279603822816,15.4786668499668,3.26519365001529,8.96553779408226
0.491228071210526,2009.49122807121,12.0407380805383,1.11704373649465,10.9236943440436,13.1577818170329,9.80665060754899,14.2748255535276,8.68960687105434,15.3918692900222,3.32151042893021,8.71922765160807
0.526315790511278,2009.52631579051,11.8589924925773,1.14735265099276,10.7116398415846,13.0063451435701,9.56428719059179,14.1536977945628,8.41693453959902,15.3010504455556,3.3771818093719,8.48181068320537
0.56140350981203,2009.56140350981,11.6851761898454,1.1739314254613,10.5112447643841,12.8591076153067,9.33731333892282,14.033039040768,8.16338191346153,15.2069704662293,3.43225820658163,8.25291798326374
0.596491229112782,2009.59649122911,11.5189881823605,1.19710498419295,10.3218831981675,12.7160931665534,9.12477821397457,13.9131981507464,7.92767322978162,15.1103031349393,3.48678697405346,8.03220120830703
0.631578948413534,2009.63157894841,11.3601420104678,1.21716874283945,10.1429732676283,12.5773107533072,8.92580452478887,13.7944794961467,7.70863578194942,15.0116482389861,3.54081256846055,7.81932944200723
0.666666667714286,2009.66666666771,11.2083661136461,1.23439188549972,9.97397422814641,12.4427579991459,8.73958234264669,13.6771498846456,7.50519045714697,14.9115417701453,3.59437700679603,7.61398910685011
0.701754387015038,2009.70175438701,11.0634026441742,1.24901972048273,9.81438292369148,12.3124223646569,8.56536320320875,13.5614420851397,7.31634348272601,14.8104618056224,3.64751981837998,7.41588282579425
0.736842106315789,2009.73684210632,10.9250048684416,1.26127714226022,9.66372772618143,12.1862820107019,8.40245058392121,13.4475591529621,7.14117344166099,14.7088362952223,3.70027842598676,7.22472644245486
0.771929825616541,2009.77192982562,10.7929388315289,1.27136884240612,9.52156998912276,12.064307673935,8.25020114671664,13.3356765163411,6.97883230431052,14.6070453587472,3.752688195286,7.04025063624286
0.807017544917293,2009.80701754492,10.6669814700931,1.27948394782041,9.38749752227272,11.9464654179135,8.1080135744523,13.225949365734,6.82852962663189,14.5054333135544,3.80478254118451,6.86219892890863
0.842105264218045,2009.84210526422,10.5469198594889,1.28579399725358,9.26112586223528,11.8327138567425,7.9753318649817,13.118507853996,6.68953786772812,14.4043018512496,3.85659310544125,6.69032675404761
0.877192983518797,2009.87719298352,10.4325509403078,1.2904580151368,9.14209292517105,11.7230089554446,7.85163491003425,13.0134669705814,6.56117689489745,14.3039249857182,3.90814993414818,6.52440100615968
0.912280702819549,2009.91228070282,10.3236806922398,1.29362193737545,9.03005875486431,11.6173026296152,7.73643681748886,12.9109245669907,6.44281488011341,14.2045465043661,3.95948154322032,6.36419914901944
0.947368422120301,2009.94736842212,10.2201241730978,1.29541978554336,8.92470438755443,11.5155439586411,7.62928460201107,12.8109637441845,6.33386481646771,14.1063835297279,4.0106150079765,6.2095091651213
0.982456141421053,2009.98245614142,10.1217036017524,1.29597603573777,8.82572756601462,11.4176796374902,7.52975153027685,12.7136556732279,6.23377549453908,14.0096317089657,4.06157610037009,6.06012750138232
1.0175438607218,2010.01754386072,10.02824958309,1.29540521538799,8.73284436770198,11.323654798478,7.437439152314,12.6190600138659,6.14203393692601,13.9144652292539,4.11238937859473,5.91586020449519
1.05263158002256,2010.05263158002,9.93960041522478,1.29381301451407,8.64578740071071,11.2334134297389,7.35197438619664,12.5272264442529,6.05816137168257,13.821039458767,4.16307817717958,5.7765222380452
1.08771929932331,2010.08771929932,9.85560043551421,1.29129734710645,8.56430308840776,11.1468977826207,7.27300574130131,12.4381951297271,5.98170839419486,13.7294924768336,4.21366475885998,5.64193567665425
1.12280701862406,2010.12280701862,9.77610063385148,1.28794873137941,8.48815190247207,11.0640493652309,7.20020317109266,12.3519980966103,5.91225443971326,13.6399468279897,4.26417042070327,5.51193021314824
1.15789473792481,2010.15789473792,9.70095916132534,1.28385057998852,8.41710858133682,10.9848097413139,7.1332580013483,12.2686603213024,5.84940742135978,13.5525109012909,4.31461537110831,5.38634379021701
1.19298245722556,2010.19298245723,9.6300396452106,1.27908030342319,8.35095934178742,10.9091199486338,7.07187903836423,12.188200252057,5.79279873494104,13.4672805554802,4.36501893520013,5.26502071001046
1.22807017652632,2010.22807017653,9.56321159553969,1.27370985389416,8.28950174164553,10.8369214494338,7.01579188775138,12.110631303328,5.74208203385722,13.3843411572222,4.41539966220348,5.14781193333622
1.26315789582707,2010.26315789583,9.50034954563839,1.26780529146497,8.23254425417341,10.7681548371034,6.96473896270844,12.0359601285683,5.69693367124347,13.3037654200333,4.46577519620928,5.0345743494291
1.29824561512782,2010.29824561513,9.44133336475192,1.26142809919567,8.17990526555625,10.7027614639476,6.91847716636058,11.9641895631433,5.65704906716491,13.2256176623389,4.51616250103082,4.92517086372108
1.33333333442857,2010.33333333443,9.3860482012672,1.25463518874551,8.13141301252169,10.6406833900127,6.87677782377619,11.8953185787582,5.62214263503068,13.1499537675037,4.56657776818274,4.81947043308446
1.36842105372932,2010.36842105373,9.33438342864357,1.24747967524055,8.08690375340302,10.5818631038841,6.83942407816247,11.8293427791247,5.59194440292193,13.0768224543652,4.6170365837995,4.71734684484404
1.40350877303008,2010.40350877303,9.28623301715339,1.24001087952924,8.04622213762415,10.5262438966826,6.80621125809491,11.7662547762119,5.56620037856567,13.0062656557411,4.66755384446149,4.61867917269188
1.43859649233083,2010.43859649233,9.24149493323116,1.23227388867996,8.0092210445512,10.4737688219111,6.77694715587124,11.7060427105911,5.54467326719129,12.938316599271,4.71814390496295,4.52335102826821
1.47368421163158,2010.47368421163,9.20007122862212,1.22431113581445,7.97576009280767,10.4243823644366,6.75144895699322,11.648693500251,5.52713782117876,12.8730046360655,4.76882052810825,4.43125070051391
1.50877193093233,2010.50877193093,9.16186813172359,1.21616145565264,7.94570667607094,10.3780295873762,6.7295452204183,11.5941910430289,5.51338376476566,12.8103524986815,4.81959691120184,4.34227122052171
1.54385965023308,2010.54385965023,9.12679543658675,1.20786132203207,7.91893411455468,10.3346567586188,6.71107279252261,11.5425180806509,5.50321147049054,12.750379402683,4.87048577635449,4.25630966023225
1.57894736953383,2010.57894736953,9.09476636417659,1.19944423756505,7.89532212661154,10.2942106017416,6.69587788904648,11.4936548393067,5.49643365148143,12.6930990768717,4.9214993608658,4.17326700331079
1.61403508883459,2010.61403508883,9.06569764141965,1.19094069173409,7.87475694968557,10.2566383331537,6.68381625795148,11.4475790248878,5.49287556621739,12.6385197166219,4.97264943043537,4.09304821098432
1.64912280813534,2010.64912280814,9.03950930058232,1.18237899660536,7.85713030397696,10.2218882971877,6.6747513073716,11.404267293793,5.49237231076625,12.5866462903984,5.02394729927308,4.01556200130921
1.68421052743609,2010.68421052744,9.01612422478549,1.17378567822667,7.84233854655882,10.1899099030122,6.66855286833215,11.3636955812388,5.49476719010548,12.5374812594655,5.07540389732928,3.94072032745621
1.71929824673684,2010.71929824674,8.99546829921678,1.16518473422645,7.83028356499033,10.1606530334432,6.66509883076389,11.3258377676697,5.49991409653744,12.4910225018961,5.12702977658249,3.86843852263427
1.75438596603759,2010.75438596604,8.97747046629196,1.15659824109904,7.82087222519292,10.134068707391,6.66427398409389,11.29066694849,5.50767574299485,12.4472651895891,5.17883506805421,3.79863539823771
1.78947368533835,2010.78947368534,8.96206202748336,1.14804635252727,7.81401567495609,10.1101083800106,6.66596932242882,11.2581547325379,5.51792296990155,12.4062010850652,5.23082962449878,3.73123240298457
1.8245614046391,2010.82456140464,8.9491771631976,1.13954786307084,7.80962930012676,10.0887250262684,6.67008143705593,11.2282728893393,5.53053357398509,12.3678207524101,5.28302289857027,3.66615426462731
1.85964912393985,2010.85964912394,8.93875265619375,1.13111989846743,7.80763275772632,10.0698725546612,6.67651285925889,11.2009924531286,5.54539296079145,12.332112351596,5.33542400624018,3.60332864995356
1.8947368432406,2010.89473684324,8.93072724324312,1.12277755757577,7.80794968566735,10.0535048008189,6.68517212809158,11.1762823583947,5.56239457051581,12.2990599159704,5.3880418454838,3.5426853977593
1.92982456254135,2010.92982456254,8.92504199110383,1.11453466447156,7.81050732663227,10.0395766555754,6.69597266216071,11.1541113200469,5.58143799768916,12.2686459845185,5.44088498636212,3.48415700474173
1.96491228184211,2010.96491228184,8.92164032351618,1.1064037625811,7.81523656093507,10.0280440860973,6.70883279835397,11.1344478486784,5.60242903577287,12.2408516112595,5.4939617187363,3.42767860477987
2.00000000114286,2011.00000000114,8.92046776835832,1.09839637114409,7.82207139721424,10.0188641395024,6.72367502607015,11.1172605106465,5.62527865492606,12.2156568817906,5.54728004653618,3.37318772182212
2.03508772044361,2011.03508772044,8.92147183129804,1.09052257137222,7.83094925992582,10.0119944026703,6.7404266885536,11.1025169740425,5.64990411718138,12.1930395454147,5.60084776361627,3.32062406768177
2.07017543974436,2011.07017543974,8.92460207562735,1.08279125555132,7.84181082007603,10.0073933311787,6.75901956452472,11.09018458673,5.6762283089734,12.1729758422813,5.65467240486191,3.26992967076542
2.10526315904511,2011.10526315905,8.92980975451123,1.07521019627848,7.85459955823276,10.0050199507897,6.77938936195428,11.0802301470682,5.7041791656758,12.1554403433467,5.70876128765158,3.22104846685967
2.14035087834586,2011.14035087835,8.937047822958,1.0677862173977,7.8692616055603,10.0048340403557,6.80147538816259,11.0726202577534,5.73368917076489,12.1404064751511,5.76312150735421,3.17392631560379
2.17543859764662,2011.17543859765,8.94627101817781,1.06052499113719,7.88574602704062,10.006796009315,6.82522103590344,11.0673210004522,5.76469604476625,12.1278459915894,5.81775994841042,3.12851106976738
2.21052631694737,2011.21052631695,8.95743570153099,1.05343157476882,7.90400412676217,10.0108672762998,6.85057255199336,11.0642988510686,5.79714097722454,12.1177304258374,5.87268329752932,3.08475240400167
2.24561403624812,2011.24561403625,8.97049999118399,1.04651004172933,7.92398994945466,10.0170100329133,6.87747990772534,11.0635200746426,5.83096986599601,12.110030116372,5.92789801893978,3.04260197224418
2.28070175554887,2011.28070175555,8.98542354388293,1.03976364612343,7.9456598977595,10.0251871900064,6.90589625163607,11.0649508361298,5.86613260551264,12.1047144822532,5.98341039887417,3.00201314500873
2.31578947484962,2011.31578947485,9.00216705282451,1.03319469137252,7.968972361452,10.035361744197,6.93577767007948,11.0685564355695,5.90258297870696,12.1017511269421,6.03922661237704,2.96294044044749
2.35087719415038,2011.35087719415,9.02069306923264,1.02680489812169,7.99388817111095,10.0474979673543,6.96708327298925,11.074302865476,5.94027837486756,12.1011077635977,6.09535259053149,2.92534047870115
2.38596491345113,2011.38596491345,9.04096517798111,1.0205956702967,8.02036950768441,10.0615608482778,6.9997738373877,11.0821565185745,5.979178167091,12.1027521888712,6.15179412401627,2.88917105396483
2.42105263275188,2011.42105263275,9.06294850100117,1.01456743173446,8.04838106926672,10.0775159327356,7.03381363753226,11.0920833644701,6.0192462057978,12.1066507962045,6.20855683388069,2.85439166712049
2.45614035205263,2011.45614035205,9.08660911736572,1.00872002216621,8.0778890951995,10.0953291395319,7.06916907303329,11.1040491616981,6.06044905086708,12.1127691838644,6.26564621650922,2.82096290085649
2.49122807135338,2011.49122807135,9.11191449355488,1.0030526296148,8.10886186394008,10.1149671231697,7.10580923432528,11.1180197527845,6.10275660471048,12.1210723823993,6.32306761531022,2.78884687824461
2.52631579065414,2011.52631579065,9.13883332347367,0.99756432699399,8.14126899647968,10.1363976504677,7.14370466948569,11.1339619774616,6.1461403424917,12.1315263044556,6.38082621711764,2.75800710635603
2.56140350995489,2011.56140350995,9.16733538221777,0.99225345906117,8.1750819231566,10.1595888412789,7.18282846409543,11.1518423003401,6.19057500503426,12.1440957594013,6.43892708516428,2.72840829705349
2.59649122925564,2011.59649122926,9.19739133512552,0.98711803111236,8.21027330401316,10.1845093662379,7.2231552729008,11.1716273973502,6.23603724178844,12.1587454284626,6.49737514183464,2.70001619329091
2.63157894855639,2011.63157894856,9.22897282747734,0.982155562306043,8.24681726517129,10.2111283897834,7.26466170286525,11.1932839520894,6.28250614055921,12.1754395143955,6.5561752064587,2.67279762101862
2.66666666785714,2011.66666666786,9.26205295535287,0.977363267609354,8.28468968774352,10.2394162229622,7.30732642013416,11.2167794905716,6.32996315252481,12.1941427581809,6.61533193124001,2.64672102411287
2.70175438715789,2011.70175438716,9.29660541565927,0.972738026787196,8.32386738887207,10.2693434424465,7.35112936208488,11.2420814692337,6.37839133529768,12.2148194960209,6.67484988741585,2.62175552824341
2.73684210645865,2011.73684210646,9.33260478860378,0.968276374660772,8.36432841394301,10.3008811632646,7.39605203928224,11.2691575379253,6.42777566462147,12.2374339125861,6.73473353780835,2.59787125079546
2.7719298257594,2011.77192982576,9.37002647304034,0.96397486575888,8.40605160728146,10.3340013387992,7.44207674152258,11.2979762045581,6.4781018757637,12.261951070317,6.7949872150105,2.57503925802987
2.80701754506015,2011.80701754506,9.40884690090921,0.95982959947593,8.44901730143328,10.3686765003851,7.48918770195735,11.3285060998611,6.52935810248142,12.288335699337,6.85561514108915,2.55323175982006
2.8421052643609,2011.84210526436,9.44904333917912,0.955836336748079,8.49320700243104,10.4048796759272,7.53737066568296,11.3607160126753,6.58153432893488,12.3165523494234,6.91662146249217,2.53242187668692
2.87719298366165,2011.87719298366,9.49059385217994,0.951990604984869,8.53860324719507,10.4425844571648,7.5866126422102,11.3945750621497,6.63462203722533,12.3465656671345,6.97801020604516,2.51258364613478
2.91228070296241,2011.91228070296,9.53347705974072,0.948288035882914,8.58518902385781,10.4817650956236,7.6369009879749,11.4300531315066,6.68861295209198,12.3783411673895,7.0397852869072,2.49369177283353
2.94736842226316,2011.94736842226,9.57767251078584,0.944724166269871,8.63294834451597,10.5223966770557,7.6882241782461,11.4671208433256,6.74350001197623,12.4118450095955,7.10195052156246,2.47572198922337
2.98245614156391,2011.98245614156,9.6231603495792,0.941294378331129,8.68186597124808,10.5644547279103,7.74057159291695,11.5057491062415,6.79927721458582,12.4470434845726,7.16450966162664,2.45865068795258
3.01754386086466,2012.01754386086,9.6699214254728,0.937993807167815,8.73192761830499,10.6079152326406,7.79393381113718,11.5459090398084,6.85594000396936,12.4839028469762,7.2274663529468,2.44245507252601
3.05263158016541,2012.05263158017,9.71793715694723,0.934817638057073,8.78311951889016,10.6527547950043,7.84830188083309,11.5875724330614,6.91348424277602,12.5223900711184,7.29082416451084,2.42711299243643
3.08771929946617,2012.08771929947,9.76718966456819,0.93176084434835,8.83542882021984,10.6989505089165,7.90366797587149,11.6307113532649,6.97190713152314,12.5624721976132,7.35458658142979,2.41260308313844
3.12280701876692,2012.12280701877,9.81766175416039,0.928818423965405,8.88884333019498,10.7464801781258,7.96002490622958,11.6752986020912,7.03120648226417,12.6041170260566,7.41875698812821,2.39890476603219
3.15789473806767,2012.15789473807,9.86933679121757,0.925985506764327,8.94335128445325,10.7953222979819,8.01736577768892,11.7213078047462,7.09138027092459,12.6472933115106,7.48333868370666,2.38599810751091
3.19298245736842,2012.19298245737,9.92219853031982,0.923257146548126,8.9989413837717,10.845455676868,8.07568423722357,11.7687128234161,7.15242709067545,12.6919699699642,7.54833490188952,2.37386362843029
3.22807017666917,2012.22807017667,9.97623149368235,0.920628353459765,9.05560314022258,10.8968598471421,8.13497478676281,11.8174882006019,7.21434643330305,12.7381165540616,7.61374878132001,2.36248271236233
3.26315789596992,2012.26315789597,10.0314206304042,0.918094221476383,9.11332640892778,10.9495148518805,8.1952321874514,11.8676090733569,7.27713796597501,12.7857032948333,7.67958339069689,2.35183723970727
3.29824561527068,2012.29824561527,10.0877513904625,0.915649820697585,9.17210156976495,11.0034012111601,8.25645174906737,11.9190510318577,7.34080192836978,12.8347008525553,7.74584172416331,2.3419096662992
3.33333333457143,2012.33333333457,10.1452097035352,0.913290409213319,9.23191929432185,11.0585001127485,8.31862888510853,11.9717905219618,7.40533847589521,12.8850809311751,7.8125266977409,2.33268300579429
3.36842105387218,2012.36842105387,10.2037818875121,0.91101124478018,9.29277064273192,11.1147931322923,8.38175939795174,12.0258043770725,7.47074815317156,12.9368156218526,7.87964115389811,2.324140733614
3.40350877317293,2012.40350877317,10.2634547436605,0.908807632076431,9.35464711158403,11.1722623757369,8.4458394795076,12.0810700078133,7.53703184743117,12.9898776398898,7.94718787597883,2.31626686768164
3.43859649247368,2012.43859649247,10.3242156672093,0.906674998047381,9.41754066916197,11.2308906652567,8.51086567111459,12.1375656633041,7.6041906730672,13.0442406613515,8.01516954758736,2.30904611962201
3.47368421177444,2012.47368421177,10.3860523180548,0.904608828336537,9.48144348971822,11.2906611463913,8.57683466138169,12.1952699747278,7.67222583304515,13.0998788030644,8.08358879916692,2.30246351888784
3.50877193107519,2012.50877193108,10.4489528942778,0.902604648826682,9.54634824545114,11.3515575431045,8.64374359662446,12.2541621919312,7.74113894779778,13.1567668407579,8.15244819663437,2.29650469764346
3.54385965037594,2012.54385965038,10.5129059051555,0.900658155440271,9.61224774971527,11.4135640605958,8.711589594275,12.3142222160361,7.81093143883473,13.2148803714764,8.22175022946268,2.29115567569293
3.57894736967669,2012.57894736968,10.5779001343657,0.89876506135254,9.67913507301317,11.4766651957182,8.78037001166063,12.3754302570708,7.88160495030809,13.2741953184233,8.29149732553926,2.2864028088264
3.61403508897744,2012.61403508898,10.643924799032,0.896921429658206,9.74700336937379,11.5408462286902,8.85008193971559,12.4377676583484,7.95316051005738,13.3346890880066,8.36169183423707,2.28223296479497
3.6491228082782,2012.64912280828,10.7109693923485,0.895123401879572,9.81584599046896,11.6060927942281,8.92072258858939,12.5012161961077,8.02559918670982,13.3963395979873,8.43233604237651,2.27863334997206
3.68421052757895,2012.68421052758,10.7790238383143,0.893367071574211,9.88565676674009,11.6723909098885,8.99228969516588,12.5657579814627,8.09892262359167,13.4591250530369,8.50343216162211,2.27559167669223
3.7192982468797,2012.71929824688,10.8480781950789,0.891648769839679,9.95642942523927,11.7397269649186,9.06478065539959,12.6313757347583,8.17313188555991,13.523024504598,8.57498237765725,2.27309581742172
3.75438596618045,2012.75438596618,10.9181231989884,0.889964867957417,10.028158331031,11.8080880669458,9.13819346307355,12.6980529349032,8.24822859511614,13.5880178028606,8.64698876906813,2.27113442992025
3.7894736854812,2012.78947368548,10.9891494657188,0.888312022146799,10.100837443572,11.8774614878656,9.21252542142518,12.7657735100124,8.32421339927838,13.6540855321592,8.71945337171728,2.26969609400151
3.82456140478195,2012.82456140478,11.0611481171613,0.886686975276195,10.1744611418851,11.9478350924375,9.28777416660889,12.8345220677137,8.40108719133269,13.7212090429899,8.79237815259207,2.26876996456916
3.85964912408271,2012.85964912408,11.134110496754,0.885086522323544,10.2490239744305,12.0191970190776,9.36393745210693,12.9042835414011,8.47885092978339,13.7893700637247,8.86576502264721,2.26834547410681
3.89473684338346,2012.89473684338,11.2080281741027,0.883507709564848,10.3245204645378,12.0915358836675,9.441012754973,12.9750435932324,8.55750504540815,13.8585513027972,8.93961580908139,2.26841236502136
3.92982456268421,2012.92982456268,11.2828930812062,0.881947750735225,10.400945330471,12.1648408319414,9.51899757973577,13.0467885826767,8.63704982900055,13.9287363334119,9.01393226924751,2.26896081195872
3.96491228198496,2012.96491228198,11.3586972057402,0.880403897302241,10.4782933084379,12.2391011030424,9.59788941113569,13.1195050003447,8.71748551383345,13.9999088976469,9.08871613976663,2.26998106597354
4.00000000128571,2013.00000000129,11.4354328309959,0.878873673504326,10.5565591574915,12.3143065045002,9.6776854839872,13.1931801780045,8.79881181048287,14.0720538515088,9.16396906367529,2.27146376732052
4.03508772058647,2013.03508772059,11.5130925092253,0.877354619886363,10.6357378893389,12.3904471291116,9.75838326945256,13.267801748998,8.8810286495662,14.1451563688844,9.23969262498547,2.27339988423988
4.07017543988722,2013.07017543989,11.5916689513876,0.875844429781305,10.7158245216062,12.4675133811689,9.83998009182494,13.3433578109502,8.96413566204364,14.2192022407315,9.31588833947109,2.2757806119165
4.10526315918797,2013.10526315919,11.6711551863719,0.874341110139667,10.7968140762323,12.5454962965116,9.92247296609259,13.4198374066513,9.04813185595293,14.2941785167909,9.39255767628543,2.27859751008651
4.14035087848872,2013.14035087849,11.7515443071408,0.872842662809914,10.8787016443309,12.6243869699507,10.005858981521,13.4972296327607,9.13301631871109,14.3700722955706,9.46970203695699,2.28184227018385
4.17543859778947,2013.17543859779,11.8328296197396,0.871347216299662,10.9614824034399,12.7041768360392,10.0901351871402,13.5755240523389,9.21878797084057,14.4468712686385,9.54732275047262,2.28550686926691
4.21052631709023,2013.21052631709,11.9150045986099,0.86985309664001,11.0451515019699,12.7848576952499,10.1752984053299,13.6547107918899,9.30544530868986,14.5245638885299,9.62542109635161,2.28958350225831
4.24561403639098,2013.24561403639,11.9980629411522,0.868358683266883,11.1297042578853,12.866421624419,10.2613455746184,13.7347803076859,9.39298689135151,14.6031389909528,9.70399828779409,2.29406465335811
4.28070175569173,2013.28070175569,12.0819983745994,0.866862583162807,11.2151357914366,12.9488609577622,10.3482732082738,13.815723540925,9.481410625111,14.6825861240878,9.78305548259536,2.29894289200407
4.31578947499248,2013.31578947499,12.1668049187549,0.865363557240609,11.3014413615143,13.0321684759955,10.4360778042736,13.8975320332361,9.57071424703303,14.7628955904767,9.86259376336806,2.30421115538681
4.35087719429323,2013.35087719429,12.2524766898562,0.863860543771949,11.3886161460843,13.1163372336282,10.5247556023123,13.9801977774001,9.66089505854036,14.8440583211721,9.94261414676931,2.30986254308688
4.38596491359398,2013.38596491359,12.3390079574994,0.862352591311432,11.476655366188,13.2013605488108,10.6143027748765,14.0637131401223,9.7519501835651,14.9260657314337,10.0231175835738,2.31589037392552
4.42105263289474,2013.42105263289,12.4263931020086,0.860838814677844,11.5655542873308,13.2872319166865,10.7047154726529,14.1480707313643,9.8438766579751,15.0089095460422,10.1041049916341,2.32228811037454
4.45614035219549,2013.4561403522,12.5146266150066,0.859318379685773,11.6553082353208,13.3739449946924,10.7959898556351,14.2332633743782,9.9366714759493,15.0925817540639,10.1855772090988,2.32904940590783
4.49122807149624,2013.4912280715,12.6037032178338,0.857790761377017,11.7459124564568,13.4614939792108,10.8881216950798,14.3192847405879,10.0303309337028,15.1770755019649,10.2675350016604,2.33616821617336
4.52631579079699,2013.5263157908,12.6936177278519,0.856255550316146,11.8373621775357,13.549873278168,10.9811066272196,14.4061288284841,10.1248510769034,15.2623843788003,10.3499790610636,2.34363866678825
4.56140351009774,2013.5614035101,12.7843648597331,0.854712409636717,11.9296524500963,13.6390772693698,11.0749400404596,14.4937896790065,10.2202276308229,15.3485020886432,10.4329100430203,2.35145481671271
4.5964912293985,2013.5964912294,12.87593955639,0.853161062524311,12.0227784938657,13.7291006189143,11.1696174313414,14.5822616814386,10.3164563688171,15.4354227439629,10.5163285290914,2.35961102729858
4.63157894869925,2013.6315789487,12.9683369003476,0.851601459204081,12.1167354411435,13.8199383595517,11.2651339819394,14.6715398187557,10.4135325227353,15.5231412779598,10.6002350463491,2.36810185399856
4.666666668,2013.666666668,13.0615519706323,0.85003367756108,12.2115182930712,13.9115856481933,11.3614846155101,14.7616193257544,10.511450937949,15.6116530033155,10.6846300429159,2.37692192771645
4.70175438730075,2013.7017543873,13.1555799345289,0.848457887481209,12.3071220470477,14.0040378220101,11.4586641595665,14.8524957094913,10.6102062720853,15.7009535969725,10.7695139051684,2.38606602936053
4.7368421066015,2013.7368421066,13.2504161826175,0.846874358075498,12.403541824542,14.097290540693,11.5566674664665,14.9441648987685,10.709793108391,15.791039256844,10.854886964112,2.39552921850546
4.77192982590226,2013.7719298259,13.346056080502,0.845283555210176,12.5007725252919,14.1913396357122,11.6554889700817,15.0366231909224,10.8102054148715,15.8819067461326,10.9407494701834,2.40530661031867
4.80701754520301,2013.8070175452,13.4424951105106,0.843686003039217,12.5988091074714,14.2861811135499,11.7551231044322,15.1298671165891,10.911437101393,15.9735531196283,11.0271016123014,2.41539349820925
4.84210526450376,2013.8421052645,13.5397288131053,0.842082348264955,12.6976464648404,14.3818111613703,11.8555641165754,15.2238935096352,11.0134817683104,16.0659758579002,11.1139435176254,2.42578529547992
4.87719298380451,2013.8771929838,13.6377527786526,0.840473376272511,12.7972794023801,14.4782261549251,11.9568060261076,15.3186995311977,11.1163326498351,16.1591729074702,11.2012752384974,2.43647754015522
4.91228070310526,2013.91228070311,13.7365625734371,0.838859943648831,12.8977026297883,14.575422517086,12.0588426861395,15.4142824607348,11.2199827424907,16.2531424043836,11.2890967797913,2.44746579364586
4.94736842240602,2013.94736842241,13.8361539264999,0.837243030977423,12.9989108955225,14.6733969574773,12.161667864545,15.5106399884547,11.3244248335676,16.3478830194322,11.3774080692628,2.45874585723711
4.98245614170677,2013.98245614171,13.9365224452205,0.835623762698811,13.1008986825217,14.7721462079193,12.2652749198229,15.6077699706182,11.4296511571241,16.443393733317,11.4662089600046,2.47031348521601
5.01754386100752,2014.01754386101,14.0376638760644,0.834003390926874,13.2036604851376,14.8716672669913,12.3696570942107,15.7056706579182,11.5356537032838,16.539674048845,11.5554992367229,2.48216463934158
5.05263158030827,2014.05263158031,14.1395740613472,0.832383173712218,13.307190887635,14.9719572350594,12.4748077139228,15.8043404087717,11.6424245402106,16.6367235824839,11.6452786368091,2.4942954245382
5.08771929960902,2014.08771929961,14.2422488465256,0.830764571201882,13.4114842753237,15.0730134177275,12.5807197041218,15.9037779889294,11.74995513292,16.7345425601313,11.7355468095726,2.50670203695301
5.12280701890977,2014.12280701891,14.3456841432365,0.829149066295422,13.5165350769411,15.174833209532,12.6873860106457,16.0039822758274,11.8582369443503,16.8331313421228,11.8263033493291,2.51938079390743
5.15789473821053,2014.15789473821,14.449875833047,0.827538302128646,13.6223375309183,15.2774141351756,12.7947992287897,16.1049524373043,11.967260926661,16.9324907394329,11.9175477750702,2.5323280579768
5.19298245751128,2014.19298245751,14.5548197977783,0.825933974646696,13.7288858231316,15.380753772425,12.9029518484849,16.2066877470717,12.0770178738382,17.0326217217184,12.0092795411003,2.54554025667807
5.22807017681203,2014.22807017681,14.6605120389995,0.824337889334765,13.8361741496648,15.4848499283343,13.01183626033,16.3091878176691,12.1874983709952,17.1335257070038,12.101498026664,2.55901401233554
5.26315789611278,2014.26315789611,14.7669484843385,0.822751969356394,13.9441965149821,15.5897004536949,13.1214445456257,16.4124524230513,12.2986925762693,17.2352043924077,12.194202533054,2.57274595128455
5.29824561541353,2014.29824561541,14.8741251011275,0.821178219820337,14.0529468813072,15.6953033209478,13.2317686614868,16.5164815407682,12.4105904416665,17.3376597605885,12.2873923020089,2.58673279911858
5.33333333471429,2014.33333333471,14.9820378296968,0.819618711761812,14.162419117935,15.8016565414586,13.3428004061732,16.6212752532205,12.5231816944114,17.4408939649823,12.381066506851,2.60097132284578
5.36842105401504,2014.36842105402,15.0906825942246,0.818075634773034,14.2726069594515,15.9087582289976,13.4545313246785,16.7268338637706,12.6364556899055,17.5449094985437,12.4752242505091,2.61545834371548
5.40350877331579,2014.40350877332,15.2000554240893,0.816551202850628,14.3835042212387,16.01660662694,13.5669530183881,16.8331578297906,12.7504018155375,17.6497090326412,12.5698645600304,2.63019086405894
5.43859649261654,2014.43859649262,15.3101523002641,0.8150477772935,14.4951045229706,16.1252000775576,13.6800567456771,16.9402478548511,12.8650089683836,17.7552956321446,12.6649863877303,2.64516591253378
5.47368421191729,2014.47368421192,15.4209691876968,0.8135677135595,14.6074014741373,16.2345369012563,13.7938337605778,17.0481046148158,12.9802660470183,17.8616723283753,12.7605886347097,2.66038055298713
5.50877193121805,2014.50877193122,15.532502110797,0.812113529536547,14.7203885812605,16.3446156403336,13.9082750517239,17.1567291698701,13.0961615221874,17.9688426994067,12.856670106616,2.67583200418105
5.5438596505188,2014.54385965052,15.6447470347345,0.810687716313804,14.8340593184207,16.4554347510483,14.0233716021069,17.2661224673621,13.2126838857931,18.0768101836759,12.9532295454839,2.69151748925059
5.57894736981955,2014.57894736982,15.7576999041856,0.809292891185377,14.9484070130002,16.5669927953709,14.1391141218148,17.3762856865563,13.3298212306294,18.1855785777417,13.0502656257376,2.7074342784479
5.6140350891203,2014.61403508912,15.8713566796132,0.807931751629957,15.0634249279833,16.6792884312432,14.2554931763533,17.4872201828731,13.4475614247234,18.2951519345031,13.1477769466617,2.72357973295152
5.64912280842105,2014.64912280842,15.9857132882692,0.806607031453243,15.179106256816,16.7923203197225,14.3724992253628,17.5989273511757,13.5658921939095,18.405534382629,13.2457620432068,2.73995124506244
5.6842105277218,2014.68421052772,16.1007655813735,0.805321562954592,15.2954440184189,16.9060871443281,14.4901224554643,17.7114087072827,13.6848008925097,18.5167302702372,13.3442193476585,2.75654623371503
5.71929824702256,2014.71929824702,16.2165094928223,0.80407812812045,15.4124313647018,17.0205876209427,14.6083532365814,17.8246657490632,13.8042751084609,18.6287438771836,13.4431472442626,2.77336224855969
5.75438596632331,2014.75438596632,16.3329409312819,0.802879595680682,15.5300613356013,17.1358205269626,14.7271817399206,17.9387001226433,13.9243021442399,18.741579718324,13.5425440380536,2.7903968932283
5.78947368562406,2014.78947368562,16.4500557039011,0.801728848286447,15.6483268556147,17.2517845521876,14.8465980073282,18.053513400474,14.0448691590418,18.8552422487605,13.6424079735057,2.80764773039542
5.82456140492481,2014.82456140492,16.5678496100987,0.800628814013277,15.7672207960854,17.368478424112,14.9665919820721,18.1691072381252,14.1659631680589,18.9697360521385,13.742737200539,2.82511240955975
5.85964912422556,2014.85964912423,16.6863184804277,0.799582522121927,15.8867359583057,17.4859010025496,15.0871534361838,18.2854835246715,14.2875709140619,19.0850660467934,13.8435298026852,2.84278867774247
5.89473684352632,2014.89473684353,16.8054579923085,0.798592968117852,16.0068650241907,17.6040509604264,15.2082720560728,18.4026439285442,14.409679087955,19.2012368966621,13.9447837868704,2.86067420543815
5.92982456282707,2014.92982456283,16.9252638964043,0.797663197379422,16.1276006990249,17.7229270937837,15.3299375016455,18.5205902911632,14.5322743042661,19.3182534885426,14.0464970997718,2.87876679663258
5.96491228212782,2014.96491228213,17.0457319120748,0.796796208688641,16.2489357033861,17.8425281207634,15.4521394946975,18.639324329452,14.6553432860088,19.4361205381407,14.1486676052544,2.89706430682037
6.00000000142857,2015.00000000143,17.1668576711202,0.795995023467557,16.3708626476526,17.9628526945877,15.574867624185,18.7588477180553,14.7788726007175,19.5548427415228,14.2512930935548,2.91556457756537
6.03508772072932,2015.03508772073,17.288636702099,0.79526269692852,16.4933740051704,18.0838993990275,15.6981113082419,18.879162095956,14.9028486113134,19.6744247928845,14.3543712847608,2.93426541733815
6.07017544003008,2015.07017544003,17.4110646397171,0.794602321732511,16.6164623179846,18.2056669614496,15.821859996252,19.0002692831821,15.0272576745195,19.7948716049146,14.4578998034058,2.95316483631128
6.10526315933083,2015.10526315933,17.5341370344944,0.794016917116925,16.7401201173775,18.3281539516114,15.9461032002606,19.1221708687283,15.1520862831437,19.9161877858452,14.5618762158899,2.97226081860459
6.14035087863158,2015.14035087863,17.6578494230887,0.793509477708089,16.8643399453806,18.4513589007968,16.0708304676725,19.2448683785048,15.2773209899644,20.0383778562129,14.6662980243367,2.99155139875195
6.17543859793233,2015.17543859793,17.7821972396653,0.79308291526889,16.9891143243964,18.5752801549341,16.1960314091275,19.368363070203,15.4029484938586,20.1614459854719,14.771162643336,3.01103459632935
6.21052631723308,2015.21052631723,17.9071758639444,0.792740214208233,17.1144356497361,18.6999160781526,16.3216954355279,19.4926562923608,15.5289552213197,20.2853965065691,14.8764674009834,3.03070846296104
6.24561403653383,2015.24561403653,18.0327806314083,0.792484281580404,17.2402963498279,18.8252649129887,16.4478120682475,19.6177491945691,15.6553277866671,20.4102334761495,14.9822095671133,3.05057106429486
6.28070175583459,2015.28070175583,18.1590068566166,0.792318004658354,17.3666888519583,18.951324861275,16.5743708472999,19.7436428659333,15.7820528426416,20.5359608705917,15.0883863366028,3.0706205200138
6.31578947513534,2015.31578947514,18.2858498246856,0.792244150695586,17.49360567399,19.0780939753811,16.7013615232944,19.8703381260767,15.9091173725988,20.6625822767723,15.1949948297231,3.09085499496247
6.35087719443609,2015.35087719444,18.4133046950959,0.792265510732911,17.621039184363,19.2055702058288,16.8287736736301,19.9978357165617,16.0365081628971,20.7901012272946,15.302032085826,3.1112726092699
6.38596491373684,2015.38596491374,18.5413666038012,0.792384791038069,17.7489818127631,19.3337513948392,16.956597021725,20.1261361858773,16.164212230687,20.9185209769154,15.4094950774283,3.13187152637285
6.42105263303759,2015.42105263304,18.6700306764138,0.792604620312275,17.8774260561015,19.4626352967261,17.0848214357893,20.2552399170384,16.292216815477,21.0478445373506,15.5173806953728,3.15264998104111
6.45614035233835,2015.45614035234,18.7992919338808,0.792927545386098,18.0063643884947,19.5922194792669,17.2134368431086,20.385147024653,16.4205092977225,21.1780745700391,15.6256857651247,3.17360616875603
6.4912280716391,2015.49122807164,18.9291453851029,0.793356011098198,18.1357893740047,19.7225013962011,17.3424333629065,20.5158574072993,16.5490773518083,21.3092134183975,15.7344070239192,3.19473836118366
6.52631579093985,2015.52631579094,19.059585957607,0.793892439051882,18.2656935185551,19.8534783966589,17.4718010795032,20.6473708357108,16.6779086404513,21.4412632747626,15.8435411507037,3.21604480690325
6.5614035102406,2015.56140351024,19.1906085722796,0.794539091297843,18.3960694809817,19.9851476635774,17.6015303896839,20.7796867548753,16.8069912983861,21.5742258461731,15.9530847547968,3.23752381748287
6.59649122954135,2015.59649122954,19.3222080374232,0.795298134952831,18.5269099024703,20.117506172376,17.7316117675175,20.9128043073288,16.9363136325647,21.7081024422817,16.0630343621625,3.25917367526079
6.6315789488421,2015.63157894884,19.4543791257238,0.796171600676202,18.6582075250476,20.2505507264,17.8620359243714,21.0467223270762,17.0658643236952,21.8428939277524,16.1733864198646,3.28099270585917
6.66666666814286,2015.66666666814,19.5871165397694,0.797161416403286,18.7899551233661,20.3842779561727,17.9927937069629,21.181439372576,17.1956322905596,21.9786007889793,16.2841373119215,3.30297922784793
6.70175438744361,2015.70175438744,19.7204149226036,0.798269445361521,18.9221454772421,20.5186843679651,18.1238760318806,21.3169538133267,17.325606586519,22.1152232586882,16.3952833421182,3.32513158048535
6.73684210674436,2015.73684210674,19.8542688916558,0.7994973680585,19.0547715235973,20.6537662597143,18.2552741555388,21.4532636277728,17.4557767874803,22.2527609958313,16.5068207532008,3.34744813845502
6.77192982604511,2015.77192982605,19.9886729742749,0.800846768927661,19.1878262053472,20.7895197432026,18.3869794364196,21.5903665121302,17.5861326674919,22.3912132810579,16.6187457077994,3.36992726647546
6.80701754534586,2015.80701754535,20.1236216287223,0.802319012050003,19.3213026166723,20.9259406407723,18.5189836046223,21.7282596528223,17.7166645925723,22.5305786648723,16.7310543049837,3.39256732373856
6.84210526464662,2015.84210526465,20.259109230157,0.803915385605852,19.4551938445512,21.0630246157629,18.6512784589453,21.8669400013687,17.8473630733395,22.6708553869746,16.8437425690047,3.4153666611522
6.87719298394737,2015.87719298395,20.395130106583,0.805637076641812,19.5894930299412,21.2007671832249,18.7838559532994,22.0064042598667,17.9782188766576,22.8120413365085,16.9568064495941,3.43832365698893
6.91228070324812,2015.91228070325,20.53167853146,0.807485102378034,19.724193429082,21.339163633838,18.9167083267039,22.1466487362161,18.1092232243259,22.9541338385941,17.07024182389,3.46143670757002
6.94736842254887,2015.94736842255,20.6687487466445,0.809460353136271,19.8592883935082,21.4782090997807,19.0498280403719,22.287669452917,18.2403676872356,23.0971298060533,17.1840444983383,3.48470424830612
6.98245614184962,2015.98245614185,20.8063349222895,0.811563484460319,19.9947714378292,21.6178984067498,19.1832079533689,22.4294618912101,18.3716444689085,23.2410253756704,17.2982102243815,3.50812469790804
7.01754386115038,2016.01754386115,20.9444311556455,0.81379507023817,20.1306360854073,21.7582262258837,19.3168410151692,22.5720212961218,18.503045944931,23.38581636636,17.4127346804111,3.53169647523433
7.05263158045113,2016.05263158045,21.0830314941733,0.816155534720712,20.2668759594526,21.899187028894,19.4507204247319,22.7153425636147,18.6345648900112,23.5314980983354,17.5276134903776,3.5554180037958
7.08771929975188,2016.08771929975,21.2221298954885,0.818645081872193,20.4034848136163,22.0407749773606,19.5848397317441,22.8594200592328,18.7661946498719,23.678065141105,17.6428421868865,3.5792877086019
7.12280701905263,2016.12280701905,21.3617202787294,0.821263820106344,20.540456458623,22.1829840988357,19.7191926385167,23.0042479189421,18.8979288184103,23.8255117390484,17.7584162428696,3.60330403585978
7.15789473835338,2016.15789473835,21.5017965203681,0.824011691977465,20.6777848283907,22.3258082123456,19.8537731364132,23.1498199043231,19.0297614444357,23.9738315963005,17.8743310708602,3.62746544950796
7.19298245765413,2016.19298245765,21.6423523971221,0.826888500211528,20.8154638969105,22.4692408973336,19.988575396699,23.2961293975451,19.1616868964875,24.1230178977567,17.9905820081585,3.65177038896353
7.22807017695489,2016.22807017695,21.7833816579499,0.829893878075053,20.9534877798748,22.6132755360249,20.1235939017998,23.4431694141,19.2937000237247,24.273063292175,18.1071643351765,3.67621732277333
7.26315789625564,2016.26315789626,21.9248779371345,0.833027286956188,21.0918506501783,22.7579052240907,20.2588233632221,23.5909325110469,19.4257960762659,24.4239597980031,18.224073250447,3.70080468668758
7.29824561555639,2016.29824561556,22.0668348322325,0.83628805661823,21.2305467756143,22.9031228888508,20.3942587189961,23.739410945469,19.5579706623778,24.5756990020872,18.3413039139396,3.72553091829287
7.33333333485714,2016.33333333486,22.2092459043319,0.839675365193455,21.3695705391385,23.0489212695254,20.529895173945,23.8885966347188,19.6902198087515,24.7282719999123,18.4588514277015,3.7503944766305
7.3684210541579,2016.36842105416,22.3521046546953,0.843188281504546,21.5089163731907,23.1952929361998,20.6657280916862,24.0384812177044,19.8225398101816,24.8816694992089,18.5767108330593,3.77539382163599
7.40350877345865,2016.40350877346,22.4954044561414,0.84682571815161,21.6485787379898,23.342230174293,20.8017530198382,24.1890558924446,19.9549273016866,25.0358816105962,18.6948770835387,3.80052737260273
7.4385964927594,2016.43859649276,22.6391386336361,0.850586412962627,21.7885522206734,23.4897250465987,20.9379658077108,24.3403114595613,20.0873793947482,25.1908978725239,18.8133450640104,3.82579356962568
7.47368421206015,2016.47368421206,22.7833005102438,0.854468988771869,21.928831521472,23.6377694990157,21.0743625327001,24.4922384877876,20.2198935439282,25.3467074765594,18.9321096199655,3.85119089027837
7.5087719313609,2016.50877193136,22.9278833367933,0.858471918434707,22.0694114183586,23.786355255228,21.2109394999239,24.6448271736628,20.3524675814892,25.5032990920975,19.0511655542816,3.8767177825118
7.54385965066165,2016.54385965066,23.0728802595626,0.86259358144594,22.2102866781166,23.9354738410085,21.3476930966707,24.7980674224544,20.4850995152247,25.6606610039004,19.1705075793866,3.90237268017595
7.57894736996241,2016.57894736996,23.218284434048,0.866832204976666,22.3514522290713,24.0851166390247,21.4846200240947,24.9519488440013,20.617787819118,25.818781048978,19.290130378711,3.92815405533696
7.61403508926316,2016.61403508926,23.3640889709126,0.871185933062326,22.4929030378503,24.2352749039749,21.6217171047879,25.1064608370372,20.7505311717256,25.9776467700996,19.4100285944137,3.95406037649888
7.64912280856391,2016.64912280856,23.5102868399491,0.875652765197811,22.6346340747513,24.385939605147,21.7589813095535,25.2615923703448,20.8833285443557,26.1372451355426,19.5301967661574,3.98009007379188
7.68421052786466,2016.68421052786,23.6568709978848,0.880230676868426,22.7766403210164,24.5371016747532,21.896409644148,25.4173323516217,21.0161789672795,26.2975630284901,19.6506294151583,4.00624158272658
7.71929824716541,2016.71929824717,23.8038343563247,0.884917454067637,22.9189169022571,24.6887518103923,22.0339994481894,25.57366926446,21.1490819941218,26.4585867185276,19.7713210022998,4.03251335402493
7.75438596646616,2016.75438596647,23.9511697468753,0.889710797917632,23.0614589489577,24.840880544793,22.1717481510401,25.7305913427106,21.2820373531225,26.6203021406282,19.8922659221531,4.05890382472229
7.78947368576692,2016.78947368577,24.0988699482883,0.894608308882453,23.2042616394059,24.9934782571708,22.3096533305234,25.8880865660532,21.415045021641,26.7826948749357,20.0134585240749,4.08541142421338
7.82456140506767,2016.82456140507,24.2469276664254,0.899607526775588,23.3473201396498,25.146535193201,22.4477126128743,26.0461427199766,21.5481050860987,26.9457502467522,20.1348931028635,4.11203456356195
7.85964912436842,2016.85964912437,24.3953356472367,0.904705930286436,23.4906297169503,25.3000415775231,22.5859237866638,26.2047475078096,21.6812178563774,27.109453438096,20.2565639494708,4.13877169776592
7.89473684366917,2016.89473684367,24.5440865048491,0.90990088154633,23.6341856233028,25.4539873863954,22.7242847417565,26.3638882679418,21.8143838602101,27.2737891494881,20.3784652715423,4.16562123330691
7.92982456296992,2016.92982456297,24.693172815906,0.915189715983699,23.7779830999223,25.6083625318897,22.8627933839386,26.5235522478734,21.9476036679549,27.4387419638571,20.5005912143218,4.1925816015843
7.96491228227068,2016.96491228227,24.8425870950573,0.92056967680413,23.9220174182532,25.7631567718614,23.0014477414491,26.6837264486656,22.0808780646449,27.6042961254697,20.6229358927092,4.21965120234807
8.00000000157143,2017.00000000157,24.9923218082897,0.926037924621384,24.0662838836683,25.9183597329111,23.1402459590469,26.8443976575325,22.2142080344256,27.7704355821539,20.7454933777698,4.24682843051988
8.03508772087218,2017.03508772087,25.1423693642297,0.931591591952783,24.2107777722769,26.0739609561825,23.2791861803242,27.0055525481353,22.3475945883714,27.9371441400881,20.8682576864331,4.27411167779663
8.07017544017293,2017.07017544017,25.2927221502171,0.937227756575792,24.3554943936413,26.2299499067929,23.4182666370655,27.1671776633687,22.4810388804898,28.1044054199445,20.9912228090465,4.30149934117062
8.10526315947368,2017.10526315947,25.4433725519635,0.942943471296588,24.5004290806669,26.3863160232601,23.5574856093703,27.3292594945566,22.6145421380737,28.2722029658532,21.1143827173592,4.32898983460425
8.14035087877444,2017.14035087877,25.5943129024591,0.948735761471881,24.6455771409872,26.543048663931,23.6968413795153,27.4917844254029,22.7481056180435,28.4405201868747,21.2377313270518,4.35658157540732
8.17543859807519,2017.17543859808,25.7455354216409,0.954601592951917,24.790933828689,26.7001370145928,23.8363322357371,27.6547386075448,22.8817306427852,28.6093402004967,21.3612624868785,4.38427293476237
8.21052631737594,2017.21052631738,25.8970323241301,0.960537896338475,24.9364944277917,26.8575702204686,23.9759565314532,27.8181081168071,23.0154186351147,28.7786460131456,21.4849700481727,4.41206227595758
8.24561403667669,2017.24561403668,26.0487957722577,0.966541628166673,25.082254144091,27.0153374004243,24.1157125159243,27.981879028591,23.1491708877576,28.9484206567577,21.6088478104652,4.43994796179244
8.28070175597744,2017.28070175598,26.200817915457,0.972609717732487,25.2282081977245,27.1734276331895,24.255598479992,28.1460373509219,23.2829887622595,29.1186470686544,21.7328895376117,4.46792837784532
8.3157894752782,2017.31578947528,26.3530908260265,0.978739057986474,25.37435176804,27.3318298840129,24.3956127100535,28.3105689419994,23.416873652067,29.2893079999859,21.8570889445878,4.49600188143857
8.35087719457895,2017.35087719458,26.5056066155906,0.984926500184825,25.5206801154057,27.4905331157754,24.5357536152209,28.4754596159602,23.5508271150361,29.460386116145,21.9814397715204,4.52416684407019
8.3859649138797,2017.38596491388,26.6583573108561,0.991168949276085,25.66718836158,27.6495262601322,24.6760194123039,28.6406952094083,23.6848504630279,29.6318641586844,22.1059356956162,4.55242161523989
8.42105263318045,2017.42105263318,26.8113348914117,0.99746328226613,25.8138716091456,27.8087981736778,24.8164083268794,28.806261455944,23.8189450446133,29.8037247382101,22.2305703599185,4.58076453149309
8.4561403524812,2017.45614035248,26.9645312965695,1.00380638428515,25.9607249122843,27.9683376808546,24.9569185279992,28.9721440651398,23.953112143714,29.975950449425,22.3553373664059,4.60919393016346
8.49122807178195,2017.49122807178,27.1179384523953,1.01019517393511,26.1077432784602,28.1281336263304,25.0975481045251,29.1383288002655,24.0873529305899,30.1485239742006,22.4802303104851,4.63770814191023
8.52631579108271,2017.52631579108,27.2715482570981,1.01662657077748,26.2549216863206,28.2881748278756,25.2382951155431,29.304801398653,24.2216685447656,30.3214279694305,22.6052427560034,4.66630550109466
8.56140351038346,2017.56140351038,27.4253526009986,1.02309748168727,26.4022551193113,28.4484500826858,25.379157637624,29.4715475643731,24.3560601559367,30.4946450460604,22.7303682459431,4.69498435505554
8.59649122968421,2017.59649122968,27.5793432565583,1.02960484900629,26.549738407552,28.6089481055646,25.5201335585457,29.6385529545709,24.4905287095394,30.6681578035772,22.8556002716728,4.72374298488548
8.63157894898496,2017.63157894898,27.7335120899981,1.03614565240657,26.6973664375916,28.7696577424047,25.661220785185,29.8058033948113,24.6250751327784,30.8419490472178,22.9809323635138,4.75257972648442
8.66666666828571,2017.66666666829,27.8878508981236,1.04271688366851,26.8451340144551,28.9305677817921,25.8024171307866,29.9732846654606,24.7597002471181,31.0160015491292,23.1063580075143,4.7814928906094
8.70175438758647,2017.70175438759,28.0423514396081,1.04931553655855,26.9930359030495,29.0916669761666,25.943720366491,30.1409825127252,24.8944048299324,31.1902980492837,23.2318706521424,4.81048078746579
8.73684210688722,2017.73684210689,28.1970054760132,1.05593868665651,27.1410667893567,29.2529441626697,26.0851281027002,30.3088828493262,25.0291894160436,31.3648215359827,23.3574637717349,4.83954170427835
8.77192982618797,2017.77192982619,28.3518047503184,1.06258340618114,27.2892213441373,29.4143881564995,26.2266379379561,30.4769715626807,25.164054531775,31.5395549688618,23.4831308033671,4.86867394695137
8.80701754548872,2017.80701754549,28.5067410057172,1.06924679859526,27.437494207122,29.5759878043125,26.3682474085267,30.6452346029077,25.2990006099315,31.714481401503,23.6088651731745,4.89787583254269
8.84210526478947,2017.84210526479,28.6618058835272,1.07592606971675,27.5858798138105,29.737731953244,26.5099537440937,30.8136580229607,25.4340276743769,31.8895840926775,23.7346602768752,4.92714560665216
8.87719298409023,2017.87719298409,28.8169910829783,1.08261838941838,27.7343726935599,29.8996094723967,26.6517543041416,30.9822278618151,25.5691359147232,32.0648462512335,23.8605095282582,4.95648155472024
8.91228070339098,2017.91228070339,28.9722883022208,1.08932100224989,27.8829672999709,30.0616093044707,26.793646297721,31.1509303067206,25.7043252954711,32.2402513089704,23.9864063391426,4.98588196307818
8.94736842269173,2017.94736842269,29.1276891815426,1.09603120657871,28.0316579749639,30.2237203881213,26.9356267683851,31.3197515947,25.8395955618064,32.4157828012787,24.1123440773057,5.01534510423682
8.98245614199248,2017.98245614199,29.2831853789417,1.10274635617302,28.1804390227686,30.3859317351147,27.0776926665956,31.4886780912877,25.9749463104226,32.5914244474607,24.2383161236837,5.04486925525796
9.01754386129323,2018.01754386129,29.4387685020754,1.10946384776027,28.3293046543151,30.5482323498357,27.2198408065549,31.657696197596,26.1103769587946,32.7671600453562,24.3643158451529,5.07445265692264
9.05263158059399,2018.05263158059,29.5944301787038,1.11618114174003,28.4782490369638,30.7106113204438,27.3620678952237,31.8267924621838,26.2458867534837,32.9429736039239,24.490336616571,5.10409356213271
9.08771929989474,2018.08771929989,29.7501620701277,1.12289572633459,28.6272663437931,30.8730577964622,27.5043706174585,31.9959535227968,26.3814748911239,33.1188492491314,24.6163718243356,5.13379024579197
9.12280701919549,2018.1228070192,29.9059557863459,1.12960516587494,28.776350620471,31.0355609522208,27.646745454596,32.1651661180958,26.5171402887211,33.2947712839707,24.7424148340431,5.16354095230288
9.15789473849624,2018.1578947385,30.061802925667,1.13630708628703,28.92549583938,31.198110011954,27.789188753093,32.3344170982411,26.6528816668059,33.4707241845281,24.8684590020926,5.19334392357446
9.19298245779699,2018.1929824578,30.2176951606756,1.14299918217924,29.0746959784964,31.3606943428548,27.9316967963171,32.5036935250341,26.7886976141379,33.6466927072133,24.994497738703,5.22319742197264
9.22807017709774,2018.2280701771,30.373624126022,1.14967923611445,29.2239448899075,31.5233033621364,28.074265653793,32.6729825982509,26.9245864176786,33.8226618343653,25.1205244258698,5.25309970015208
9.2631578963985,2018.2631578964,30.5295814251033,1.15634505035845,29.3732363747448,31.6859264754617,28.2168913243864,32.8422715258202,27.0605462740279,33.9986165761786,25.2465324404889,5.28304898461437
9.29824561569925,2018.2982456157,30.6855587299012,1.16299442983535,29.5225643000659,31.8485531597365,28.3595698702305,33.0115475895719,27.1965754403952,34.1745420194072,25.3725152035892,5.31304352631196
9.333333335,2018.333333335,30.8415476825789,1.16962535019893,29.67192233238,32.0111730327778,28.502296982181,33.1807983829768,27.3326716319821,34.3504237331757,25.4984661250179,5.34308155756091
9.36842105430075,2018.3684210543,30.9975398963958,1.17623579940334,29.8213040969925,32.1737756957992,28.6450682975891,33.3500114952025,27.4688324981858,34.5262472946058,25.6243785893013,5.37316130709449
9.4035087736015,2018.4035087736,31.1535270415649,1.18282386030753,29.9707031812574,32.3363509018724,28.7878793209499,33.51917476218,27.6050554606423,34.7019986224875,25.750246034389,5.40328100717581
9.43859649290225,2018.4385964929,31.309500789398,1.18938769086912,30.1201130985289,32.4988884802671,28.9307254076598,33.6882761711363,27.7413377167906,34.8776638620054,25.8760619005607,5.43343888883728
9.47368421220301,2018.4736842122,31.4654528215186,1.19592548447531,30.2695273370433,32.6613783059939,29.073601852568,33.8573037904692,27.8776763680927,35.0532292749445,26.0018196416557,5.4636331798629
9.50877193150376,2018.5087719315,31.6213748528764,1.2024355559232,30.4189392969532,32.8238104087996,29.21650374103,34.0262459647228,28.0140681851068,35.228681520646,26.127512744223,5.49386210865352
9.54385965080451,2018.5438596508,31.7772585726413,1.20891625894047,30.5683423137008,32.9861748315817,29.3594260547603,34.1950910905222,28.1505097958198,35.4040073494627,26.253134670564,5.5241239020772
9.57894737010526,2018.57894737011,31.9330956915183,1.21536602055336,30.717729670965,33.1484617120717,29.5023636504116,34.363827732625,28.2869976298582,35.5791937531784,26.3786789054212,5.55441678609719
9.61403508940601,2018.61403508941,32.0888779647921,1.22178339749775,30.8670945672944,33.3106613622899,29.6453111697966,34.5324447597876,28.4235277722989,35.7542281572854,26.5041389935192,5.58473897127286
9.64912280870677,2018.64912280871,32.2445972006909,1.22816699763732,31.0164302030536,33.4727641983282,29.7882632054163,34.7009311959656,28.560096207779,35.9290981936029,26.6295085157917,5.61508868489923
9.68421052800752,2018.68421052801,32.4002452340351,1.23451546529367,31.1657297687414,33.6347606993288,29.9312143034478,34.8692761646224,28.6966988381541,36.1037916299161,26.7547810684399,5.64546416559529
9.71929824730827,2018.71929824731,32.555813875932,1.24082759930952,31.3149862766224,33.7966414752415,30.0741586773129,35.037469074551,28.8333310780034,36.2782966738605,26.8799502332266,5.67586364270544
9.75438596660902,2018.75438596661,32.7112949689046,1.24710223641775,31.4641927324868,33.9583972053223,30.2170904960691,35.2054994417401,28.9699882596513,36.4526016781578,27.0050096292458,5.70628533965873
9.78947368590977,2018.78947368591,32.8666803625979,1.25333829838135,31.6133420642165,34.1200186609792,30.3600037658352,35.3733569593606,29.1066654674538,36.6266952577419,27.129952886501,5.7367274760968
9.82456140521053,2018.82456140521,33.021961985248,1.25953479526724,31.7624271899808,34.2814967805152,30.5028923947135,35.5410315757825,29.2433575994463,36.8005663710497,27.2547736939625,5.76718829128543
9.85964912451128,2018.85964912451,33.1771317588238,1.26569077543637,31.9114409833875,34.4428225342602,30.6457502079511,35.7085133096966,29.3800594325147,36.9742040851329,27.3794657550919,5.79766600373186
9.89473684381203,2018.89473684381,33.3321816627449,1.27180540678831,32.0603762559566,34.6039870695332,30.7885708491683,35.8757924763215,29.51676544238,37.1475978831098,27.5040228162453,5.82815884649957
9.92982456311278,2018.92982456311,33.4871036893097,1.27787795408686,32.2092257352228,34.7649816433966,30.931347781136,36.0428595974834,29.6534698270491,37.3207375515703,27.6284386499816,5.85866503932802
9.96491228241353,2018.96491228241,33.6418898830199,1.28390775214538,32.3579821308745,34.9257976351653,31.0740743787292,36.2097053873107,29.7901666265838,37.4936131394561,27.7527070526203,5.88918283039978
10.0000000017143,2019.00000000171,33.7965323424139,1.2898942056583,32.5066381367556,35.0864265480722,31.2167439310973,36.3763207537305,29.926849725439,37.6662149593888,27.8768218871665,5.91971045524738
10.035087721015,2019.03508772102,33.9510231547585,1.29583682405317,32.6551863307053,35.2468599788117,31.3593495066521,36.5426968028648,30.063512682599,37.838533626918,28.0007770100257,5.95024614473278
10.0701754403158,2019.07017544032,34.1053545069316,1.30173520726584,32.8036192996658,35.4070897141974,31.5018840923999,36.7088249214633,30.2001488851341,38.0105601287291,28.1245663631411,5.98078814379048
10.1052631596165,2019.10526315962,34.2595185816482,1.30758904562963,32.9519295360186,35.5671076272778,31.6443404903889,36.8746966729075,30.3367514447593,38.1822857185371,28.2481838757261,6.01133470592211
10.1403508789173,2019.14035087892,34.4135076322005,1.31339810654927,33.1001095256512,35.7269057387498,31.786711419102,37.0403038452991,30.4733133125527,38.3537019518483,28.3716235492898,6.04188408291089
10.175438598218,2019.17543859822,34.5673139599974,1.31916224608322,33.2481517139142,35.8864762060806,31.928989467831,37.2056384521639,30.6098272217478,38.5248006982471,28.4948794205017,6.07243453949581
10.2105263175188,2019.21052631752,34.7209298699062,1.32488142101315,33.396048448893,36.0458112909194,32.0711670278799,37.3706927119325,30.7462856068668,38.6955741329457,28.6179455526204,6.10298431728593
10.2456140368195,2019.24561403682,34.8743477707816,1.33055566644148,33.5437921043401,36.2049034372231,32.2132364378987,37.5354591036646,30.8826807714572,38.8660147701061,28.7408160886104,6.13353168217131
10.2807017561203,2019.28070175612,35.0275600844355,1.33618513458113,33.6913749498544,36.3637452190167,32.3551898152733,37.6999303535978,31.0190046806922,39.0361154881789,28.8634851869143,6.16407489752123
10.3157894754211,2019.31578947542,35.1805592497671,1.34177003906483,33.8387892107023,36.5223292888319,32.4970191716374,37.8640993278968,31.1552491325726,39.2058693669616,28.9859470144668,6.1946122353003
10.3508771947218,2019.35087719472,35.3333378118956,1.34731066858626,33.9860271433093,36.6806484804819,32.6387164747231,38.0279591490681,31.2914058061368,39.3752698176544,29.1081958405333,6.2251419713622
10.3859649140226,2019.38596491402,35.4858883431275,1.35280740974591,34.1330809333816,36.8386957528734,32.7802735236357,38.1915031626193,31.4274661138898,39.5443105723652,29.2302259600629,6.25566238306454
10.4210526333233,2019.42105263332,35.6382034762802,1.3582607735842,34.279942702696,36.9964642498644,32.9216819291118,38.3547250234486,31.5634211555276,39.7129857970328,29.352031722747,6.28617175353336
10.4561403526241,2019.45614035262,35.7902758885872,1.36367130349676,34.4266045850905,37.153947192084,33.0629332815937,38.5176184955807,31.699261978097,39.8812897990775,29.4736075025967,6.31666838599044
10.4912280719248,2019.49122807192,35.9420983787293,1.36903963716516,34.5730587415641,37.3111380158944,33.204019104399,38.6801776530596,31.8349794672338,40.0492172902247,29.5949477920566,6.34715058667267
10.5263157912256,2019.52631579123,36.0936637103409,1.37436654929897,34.7192971610419,37.4680302596399,33.344930611743,38.8423968089389,31.970564062444,40.2167633582378,29.716047057821,6.3776166525198
10.5614035105263,2019.56140351053,36.2449647484103,1.37965290577588,34.8653118426344,37.6246176541862,33.4856589368585,39.0042705599621,32.1060060310826,40.383923465738,29.836899852577,6.40806489583333
10.5964912298271,2019.59649122983,36.3959944607433,1.38489967331234,35.011094787431,37.7808941340556,33.6261951141186,39.165793807368,32.2412954408063,40.5506934806803,29.9575008110588,6.43849364968452
10.6315789491278,2019.63157894913,36.5467458140863,1.39010785067517,35.1566379634111,37.9368536647615,33.766530112736,39.3269615154366,32.3764222620608,40.7170693661118,30.0778445771974,6.46890123688891
10.6666666684286,2019.66666666843,36.6972118302037,1.39527853721448,35.3019332929892,38.0924903674182,33.9066547557747,39.4877689046326,32.5113762185602,40.8830474418471,30.1979258338333,6.49928599637033
10.7017543877293,2019.70175438773,36.8473856403952,1.40041293933594,35.4469727010592,38.2477985797311,34.0465597617233,39.648211519067,32.6461468223873,41.048624458403,30.3177393805771,6.52964625981805
10.7368421070301,2019.73684210703,36.9972604305933,1.40551234490623,35.591748085687,38.4027727754995,34.1862357407808,39.8082851204057,32.7807233958746,41.2137974653119,30.4372800445455,6.55998038604771
10.7719298263308,2019.77192982633,37.1468294630667,1.41057809547407,35.7362513675926,38.5574075585407,34.3256732721185,39.9679856540148,32.9150951766445,41.3785637494889,30.5565427224683,6.59028674059843
10.8070175456316,2019.80701754563,37.2960860263619,1.41561167146981,35.8804743548921,38.7116976978317,34.4648626834222,40.1273093693015,33.0492510119524,41.5429210407713,30.6755223353108,6.62056369105111
10.8421052649323,2019.84210526493,37.4450234632944,1.42061462751128,36.0244088357831,38.8656380908057,34.6037942082719,40.286252718317,33.1831795807606,41.7068673458282,30.7942138451307,6.65080961816374
10.8771929842331,2019.87719298423,37.5936352198004,1.42558863503216,36.1680465847683,39.0192238548326,34.7424579497361,40.4448124898648,33.316869314704,41.8704011248969,30.9126123170473,6.68102290275311
10.9122807035338,2019.91228070353,37.7419148313124,1.43053542783363,36.3113794034788,39.1724502591461,34.8808439756452,40.6029856869797,33.4503085478115,42.0335211148133,31.0307128871794,6.71120194413294
10.9473684228346,2019.94736842283,37.8898558936861,1.43545677641305,36.4543991172731,39.3253126700992,35.0189423408601,40.7607694465122,33.583485564447,42.1962262229253,31.1485107516488,6.74134514203736
10.9824561421353,2019.98245614214,38.037452004494,1.44035458856741,36.5970974159266,39.4778065930614,35.1567428273592,40.9181611816288,33.7163882387918,42.3585157701962,31.2660010822286,6.77145092226545
11.0175438614361,2020.01754386144,38.1846969334849,1.44523085644736,36.7394660770375,39.6299277899322,35.2942352205902,41.0751586463796,33.8490043641428,42.520389502827,31.3831792185871,6.80151771489781
11.0526315807368,2020.05263158074,38.3315844692183,1.4500876269529,36.8814968422654,39.7816720961712,35.4314092153125,41.2317597231241,33.9813215883596,42.681847350077,31.50004051714,6.83154395207826
11.0877193000376,2020.08771930004,38.478108462783,1.4549269646319,37.0231814981511,39.9330354274149,35.5682545335192,41.3879623920468,34.1133275688873,42.8428893566787,31.6165803797088,6.86152808307428
11.1228070193383,2020.12280701934,38.6242628609009,1.45975116182748,37.1645116990734,40.0840140227284,35.704760537246,41.5437651845559,34.2450093754185,43.0035163463833,31.7327942961045,6.8914685647964
11.1578947386391,2020.15789473864,38.7700416825898,1.46456246840748,37.3054792141824,40.2346041509973,35.8409167457749,41.6991666194048,34.3763542773674,43.1637290878123,31.848677811521,6.92136387106878
11.1929824579398,2020.19298245794,38.9154390421474,1.4693632358017,37.4460758063458,40.3848022779491,35.976712570544,41.8541655137508,34.5073493347424,43.3235287495525,31.9642265512979,6.95121249084945
11.2280701772406,2020.22807017724,39.0604491209363,1.47415591768124,37.5862932032551,40.5346050386175,36.1121372855738,42.0087609562988,34.6379813678926,43.48291687398,32.079436206905,6.98101291403132
11.2631578965414,2020.26315789654,39.2050661437098,1.47894307366886,37.726123070041,40.6840092173787,36.2471799963721,42.1629522910475,34.7682369227032,43.6418953647164,32.1943024869664,7.01076365674352
11.2982456158421,2020.29824561584,39.349284484077,1.48372723951538,37.8655572445616,40.8330117235924,36.3818300050462,42.3167389631077,34.8981027655308,43.8004662026231,32.3088212451218,7.04046323895506
11.3333333351429,2020.33333333514,39.4930985396058,1.48851107934327,38.0045874602625,40.981609618949,36.5160763809192,42.4701206982923,35.027565301576,43.9586317776356,32.4229883453386,7.07011019426705
11.3684210544436,2020.36842105444,39.6365027813355,1.493297303209,38.1432054781265,41.1298000845445,36.6499081749175,42.6230973877535,35.1566108717085,44.1163946909625,32.536799716076,7.09970306525956
11.4035087737444,2020.40350877374,39.779491789767,1.49808871251468,38.2814030772523,41.2775805022817,36.7833143647377,42.7756692147964,35.285225652223,44.2737579273111,32.6502513875486,7.12924040221862
11.4385964930451,2020.43859649305,39.9220601638637,1.5028880629583,38.4191721009054,41.424948226822,36.9162840379471,42.9278362897803,35.4133959749888,44.4307243527386,32.7633393836197,7.15872078024402
11.4736842123459,2020.47368421235,40.0642026502219,1.50769832155826,38.5565043286637,41.5719009717802,37.0488060071054,43.0795992933384,35.5411076855471,44.5872976148967,32.876059871648,7.18814277857393
11.5087719316466,2020.50877193165,40.205914028103,1.51252246918504,38.6933915589179,41.718436497288,37.1808690897329,43.2309589664731,35.6683466205478,44.7434814356581,32.988409031679,7.21750499642392
11.5438596509474,2020.54385965095,40.3471892024316,1.51736352946566,38.8298256729659,41.8645527318972,37.3124621435002,43.3819162613629,35.7950986140346,44.8992797908286,33.1003831558161,7.24680604661532
11.5789473702481,2020.57894737025,40.4880231197497,1.52222456039207,38.9657985593576,42.0102476801418,37.4435739989656,43.5324722405338,35.9213494385735,45.0546968009259,33.2119785685165,7.27604455123315
11.6140350895489,2020.61403508955,40.6284108695447,1.52710866278313,39.1013022067616,42.1555195323278,37.5741935439785,43.682628195111,36.0470848811953,45.2097368578941,33.3231917220839,7.30521914746086
11.6491228088496,2020.64912280885,40.7683475857819,1.5320189878735,39.2363285979084,42.3003665736554,37.7043096100349,43.8323855615289,36.1722906221614,45.3644045494024,33.4340190871524,7.33432849862954
11.6842105281504,2020.68421052815,40.9078284289985,1.53695871970507,39.3708697092934,42.4447871487036,37.8339109895884,43.9817458684087,36.2969522698833,45.5187045881137,33.5444571653706,7.36337126362794
11.7192982474511,2020.71929824745,41.0468487398871,1.54193118525095,39.5049175546362,42.5887799251381,37.9629863693852,44.130711110389,36.4210551841343,45.67264229564,33.6545026199903,7.39234611989706
11.7543859667519,2020.75438596675,41.1854038433681,1.54693971082537,39.6384641325427,42.7323435541935,38.0915244217174,44.2792832650188,36.544584710892,45.8262229758442,33.7641520880081,7.42125175536017
11.7894736860526,2020.78947368605,41.3234892568262,1.55198761521573,39.7715016416104,42.8754768720419,38.2195140263947,44.4274644872576,36.667526411179,45.9794521024734,33.8734023732585,7.45008688356765
11.8245614053534,2020.82456140535,41.4611005054624,1.55707819246639,39.904022312996,43.0181786979288,38.3469441205296,44.5752568903952,36.7898659280632,46.1323350828616,33.9822502690511,7.4788502364113
11.8596491246541,2020.85964912465,41.5982332003056,1.56221477017592,40.0360184301297,43.1604479704815,38.4738036599537,44.7226627406574,36.9115888897778,46.2848775108334,34.0906926372235,7.5075405630819
11.8947368439549,2020.89473684395,41.7348830836993,1.56740082153369,40.1674822621656,43.302283905233,38.6000814406319,44.8696847267667,37.0326806190983,46.4370855483004,34.1987264661343,7.53615661756505
11.9298245632556,2020.92982456326,41.8710459978335,1.57263985298902,40.2984061448445,43.4436858508225,38.7257662918555,45.0163257038116,37.1531264388665,46.5889655568006,34.3063488231199,7.56469717471378
11.9649122825564,2020.96491228256,42.0067178081186,1.57793525064256,40.428782557476,43.5846530587612,38.8508473068335,45.1625883094037,37.2729120561909,46.7405235600463,34.4135567852802,7.59316102283858
12.0000000018571,2021.00000000186,42.1418944478308,1.5832904332596,40.5586040145712,43.7251848810904,38.9753135813116,45.30847531435,37.392023148052,46.8917657476096,34.5203474891561,7.62154695867479
12.0350877211579,2021.03508772116,42.2765719559487,1.58870883258425,40.6878631233645,43.865280788533,39.0991542907802,45.4539896211172,37.510445458196,47.0426984537015,34.6267181543151,7.64985380163371
12.0701754404586,2021.07017544046,42.4107464745813,1.59419397857997,40.8165524960013,44.0049404531613,39.2223585174214,45.5991344317412,37.6281645388414,47.1933284103212,34.7326660857712,7.67808038881009
12.1052631597594,2021.10526315976,42.5444142347225,1.59974936435419,40.9446648703683,44.1441635990767,39.3449155060141,45.7439129634309,37.7451661416599,47.3436623277851,34.8381886700909,7.70622556463153
12.1403508790602,2021.14035087906,42.6775715063214,1.60537847919243,41.072193027129,44.2829499855138,39.4668145479365,45.8883284647062,37.8614360687441,47.4937069438987,34.9432833014976,7.73428820482369
12.1754385983609,2021.17543859836,42.8102146788056,1.61108479587783,41.1991298829278,44.4212994746834,39.58804508705,46.0323842705613,37.9769602911721,47.6434690664391,35.0479474894848,7.76226718932095
12.2105263176617,2021.21052631766,42.9423402526703,1.61687174242877,41.3254685102416,44.5592119950991,39.7085967678128,46.1760837375279,38.091725025384,47.7929554799566,35.1521788280566,7.79016142461386
12.2456140369624,2021.24561403696,43.0739447619704,1.62274278522703,41.4512019767433,44.6966875471974,39.8284591915163,46.3194303324244,38.2057164062893,47.9421731176515,35.2559749413059,7.81796982066456
12.2807017562632,2021.28070175626,43.2050248228215,1.62870136678256,41.576323456039,44.8337261896041,39.9476220892564,46.4624275563866,38.3189207224739,48.0911289231692,35.3593335119278,7.84569131089392
12.3157894755639,2021.31578947556,43.3355771601285,1.63475089115604,41.7008262689724,44.9703280512845,40.0660753778164,46.6050789424405,38.4313244866603,48.2398298335966,35.4622523218344,7.87332483829418
12.3508771948647,2021.35087719486,43.465598523658,1.64089476618157,41.8247037574764,45.1064932898395,40.1838089912948,46.7473880560211,38.5429142251132,48.3882828222027,35.5647291714557,7.90086935220223
12.3859649141654,2021.38596491417,43.5950858407599,1.64713635974251,41.9479494810174,45.2422222005024,40.3008131212748,46.8893585602449,38.6536767615323,48.5364949199874,35.6667619862307,7.92832385452914
12.4210526334662,2021.42105263347,43.7240360792671,1.653479006699,42.0705570725681,45.3775150859661,40.4170780658691,47.0309940926651,38.7635990591701,48.6844730993641,35.7683487465508,7.95568733271627
12.4561403527669,2021.45614035277,43.8524462898977,1.65992596201137,42.1925203278864,45.5123722519091,40.532594365875,47.1722982139205,38.8726684038636,48.8322241759318,35.8694874859985,7.98295880389924
12.4912280720677,2021.49122807207,43.9803136329146,1.66648045625555,42.313833176659,45.6467940891701,40.6473527204035,47.3132745454257,38.9808722641479,48.9797550016812,35.97017632758,8.0101373053344
12.5263157913684,2021.52631579137,44.1076353472964,1.67314571913691,42.4344896281595,45.7807810664333,40.7613439090225,47.4539267855702,39.0881981898856,49.1270725047071,36.0704134609482,8.03722188634811
12.5614035106692,2021.56140351067,44.2344087003637,1.67992489279214,42.5544838075716,45.9143335931559,40.8745589147794,47.594258485948,39.1946340219873,49.2741833787401,36.1701970905264,8.06421160983715
12.5964912299699,2021.59649122997,44.3606310503753,1.68682106129938,42.6738099890759,46.0474521116747,40.9869889277765,47.734273172974,39.3001678664772,49.4210942342734,36.269525500594,8.09110554978133
12.6315789492707,2021.63157894927,44.4862998782077,1.69383725312576,42.792462625082,46.1801371313335,41.0986253719562,47.8739743844593,39.4047881188305,49.567811637585,36.368397068433,8.11790280977474
12.6666666685714,2021.66666666857,44.6114126570749,1.70097639672564,42.9104362603492,46.3123890538005,41.2094598636236,48.0133654505262,39.508483466898,49.7143418472518,36.4668101501634,8.14460250691144
12.7017543878722,2021.70175438787,44.735967075426,1.7082414615448,43.0277256138812,46.4442085369708,41.3194841523364,48.1524499985156,39.6112426907916,49.8606914600604,36.5647632929731,8.1712037824527
12.7368421071729,2021.73684210717,44.8599608523277,1.71563527730245,43.1443255750253,46.5755961296302,41.4286902977228,48.2912314069326,39.7130550204204,50.0068666842351,36.6622550671262,8.19770578520139
12.7719298264737,2021.77192982647,44.9833917544508,1.72316065874825,43.2602310957026,46.7065524131991,41.5370704369543,48.4297130719473,39.8139097782061,50.1528737306955,36.7592840719977,8.2241076824532
12.8070175457744,2021.80701754577,45.1062575983441,1.73082033757985,43.3754372607642,46.8370779359239,41.6446169231844,48.5678982735038,39.9137965856045,50.2987186110836,36.8558489451844,8.25040865315948
12.8421052650752,2021.84210526508,45.2285563605766,1.73861696971378,43.4899393908628,46.9671733302904,41.7513224211491,48.7057903000042,40.0127054514353,50.444407269718,36.9519484499659,8.27660791061078
12.8771929843759,2021.87719298438,45.3502860015096,1.74655306646432,43.6037329350452,47.0968390679739,41.8571798685809,48.8433921344382,40.1106268021166,50.5899452009025,37.0475813384938,8.30270466301577
12.9122807036767,2021.91228070368,45.4714446422307,1.7546311164878,43.7168135257429,47.2260757587185,41.9621824092551,48.9807068752063,40.2075512927673,50.7353379916941,37.1427464925191,8.3286981497113
12.9473684229774,2021.94736842298,45.5920304473824,1.76285348116873,43.8291769662137,47.3548839285511,42.0663234850449,49.1177374097198,40.3034700038762,50.8805908908886,37.2374428296959,8.35458761768641
12.9824561422782,2021.98245614228,45.7120416734195,1.77122249709809,43.9408191763214,47.4832641705176,42.1695966792233,49.2544866676157,40.3983741821252,51.0257091647138,37.3316693366807,8.38037233673883
13.0175438615789,2022.01754386158,45.8314766224011,1.77974034419466,44.0517362782064,47.6112169665957,42.2719959340118,49.3909573107904,40.4922555898171,51.1706976549851,37.4254250241193,8.40605159828164
13.0526315808797,2022.05263158088,45.9503337400947,1.78840915389822,44.1619245861965,47.738742893993,42.3735154322983,49.5271520478912,40.5851062784001,51.3155612017894,37.5187090355836,8.43162470451112
13.0877193001805,2022.08771930018,46.0686114963428,1.79723094706872,44.2713805492741,47.8658424434115,42.4741496022054,49.6630733904803,40.6769186551367,51.460304337549,37.6115205208959,8.45709097544703
13.1228070194812,2022.12280701948,46.1863084125579,1.8062076921061,44.3801007204518,47.992516104664,42.5738930283457,49.7987237967701,40.7676853362396,51.6049314888762,37.7038586619648,8.482449750593
13.157894738782,2022.15789473878,46.3034231413078,1.8153412094289,44.4880819318789,48.1187643507367,42.67274072245,49.9341055601656,40.8573995130211,51.7494467695945,37.7957227568067,8.50770038450105
13.1929824580827,2022.19298245808,46.4199543482554,1.82463324046124,44.5953211077942,48.2445875887166,42.7706878673329,50.0692208291779,40.9460546268717,51.8938540696391,37.8871121049389,8.53284224331645
13.2280701773835,2022.22807017738,46.5359007784146,1.83408540216285,44.7018153762517,48.3699861805774,42.8677299740888,50.2040715827402,41.033644571926,52.0381569849031,37.978026074664,8.55787470375033
13.2631578966842,2022.26315789668,46.65126130513,1.8436992154538,44.8075620896762,48.4949605205838,42.9638628742224,50.3386597360376,41.1201636587686,52.1823589514914,38.0684641281489,8.58279717698119
13.298245615985,2022.29824561599,46.7660348699586,1.8534761493917,44.9125587205669,48.6195110193503,43.0590825711752,50.472987168742,41.2056064217835,52.3264633181337,38.1584257780783,8.6076090918801
13.3333333352857,2022.33333333529,46.8802204529252,1.86341749677798,45.0168029561472,48.7436379497031,43.1533854593692,50.6070554464811,41.2899679625912,52.4704729432591,38.2479105713446,8.63230988158063
13.3684210545865,2022.36842105459,46.9938171124906,1.87352451462059,45.12029259787,48.8673416271112,43.2467680832494,50.7408661417318,41.3732435686288,52.6143906563523,38.3369181048556,8.65689900763522
13.4035087738872,2022.40350877389,47.1068239524382,1.88379833543,45.2230256170082,48.9906222878682,43.3392272815782,50.8744206232982,41.4554289461482,52.7582189587282,38.425448007109,8.6813759453292
13.438596493188,2022.43859649319,47.2192401446502,1.89423991523234,45.3250002294179,49.1134800598826,43.4307603141856,51.0077199751149,41.5365203989532,52.9019598903472,38.5134999677739,8.70574017687625
13.4736842124887,2022.47368421249,47.3310649441251,1.90485024543087,45.4262146986943,49.235915189556,43.5213644532634,51.1407654349869,41.6165142078325,53.0456156804178,38.6010737402007,8.72999120392447
13.5087719317895,2022.50877193179,47.4422976875118,1.91563015293245,45.5266675345793,49.3579278404443,43.6110373816469,51.2735579933767,41.6954072287144,53.1891881463092,38.6881691489866,8.75412853852512
13.5438596510902,2022.54385965109,47.5529377978944,1.92658031769844,45.6263574801959,49.4795181155928,43.6997771624975,51.4060984332912,41.773196844799,53.3326787509897,38.7747860735138,8.77815172438058
13.578947370391,2022.57894737039,47.6629847358237,1.9377013428437,45.72528339298,49.6006860786674,43.7875820501363,51.5383874215111,41.8498807072926,53.4760887643548,38.8609244198317,8.80206031599207
13.6140350896917,2022.61403508969,47.7724379965117,1.94899374433152,45.8234442521802,49.7214317408432,43.8744505078486,51.6704254851747,41.9254567635171,53.6194192295063,38.9465841151967,8.82585388131493
13.6491228089925,2022.64912280899,47.8812972302106,1.96045797063024,45.9208392595804,49.8417552008409,43.9603812889501,51.8022131714711,41.9999233183199,53.7626711421013,39.0317652184672,8.84953201174345
13.6842105282932,2022.68421052829,47.989562050897,1.97209431014935,46.0174677407476,49.9616563610463,44.0453734305983,51.9337506711957,42.0732791204489,53.905844981345,39.116467749344,8.87309430155285
13.719298247594,2022.71929824759,48.0972321936655,1.98390292675426,46.1133292669113,50.0811351204198,44.129426340157,52.065038047174,42.1455234134028,54.0489409739283,39.2006918215583,8.89654037210737
13.7543859668947,2022.75438596689,48.204307427572,1.99588391572622,46.2084235118458,50.2001913432983,44.2125395961196,52.1960752590245,42.2166556803934,54.1919591747507,39.284437576332,8.91986985124015
13.7894736861955,2022.7894736862,48.3107876244704,2.00803729091794,46.3027503335524,50.3188249153883,44.2947130426345,52.3268622063063,42.2866757517166,54.3348994972242,39.3677052366525,8.94308238781772
13.8245614054962,2022.8245614055,48.416672655231,2.02036300186572,46.3963096533652,50.4370356570967,44.3759466514995,52.4573986589624,42.3555836496338,54.4777616608281,39.4504950205386,8.96617763469239
13.859649124797,2022.8596491248,48.5219624866764,2.03286080963297,46.4891016770435,50.5548232963094,44.4562408674105,52.5876841059424,42.4233800577775,54.6205449155754,39.5328072066521,8.98915528002427
13.8947368440977,2022.8947368441,48.6266571496743,2.04553046398326,46.581126685691,50.6721876136576,44.5355962217078,52.7177180776408,42.4900657577245,54.7632485416241,39.614642126138,9.01201502353619
13.9298245633985,2022.9298245634,48.7307567699849,2.0583716022675,46.6723851677174,50.7891283722524,44.6140135654499,52.8474999745199,42.5556419631824,54.9058715767874,39.6960001961819,9.03475657380307
13.9649122826992,2022.9649122827,48.8342614850867,2.07138372600248,46.7628777590842,50.9056452110892,44.6914940330818,52.9770289370917,42.6201103070793,55.0484126630941,39.7768818296576,9.05737965542887
14.000000002,2023.000000002,48.9371715084185,2.08456632608619,46.8526051823323,51.0217378345047,44.7680388562461,53.1063041605909,42.6834725301599,55.1908704866771,39.8572874983205,9.07988401009809
